Metric,Current State,Redesigned State,Improvement
White Space Ratio,15%,40%,+167%
Form Fields Visible,8 fields,3 fields (progressive),-62%
Visual Hierarchy Levels,2 levels,4 levels,+100%
Time to First Action,~8 seconds,~3 seconds,-62%
Cognitive Load Score,High (8/10),Low (3/10),-62%
Mobile Optimization,Basic responsive,Mobile-first design,Excellent
Loading Performance,~3.2s LCP,~1.8s LCP,-44%
Accessibility Score,72/100,95/100,+32%
User Engagement,45% completion,78% completion,+73%
Brand Consistency,Disconnected,Fully aligned,100%
